1.154327116919208,2.030496307717616e-05,0.07692307692307693,0
1.4114040481458645,3.993406006722899e-05,0.06666666666666667,0
23.638409517793832,1.8359037763283926e-05,0.030303030303030304,0
6.7774511523964,8.891645551811136e-06,0.008403361344537815,0
10000000.0,7.956708420471717e-05,0.05555555555555555,0
0.1732657226192674,0.0,0.3333333333333333,0
2.957710328207514,3.440419970974771e-07,0.1,0
14.977529675331816,8.273149560042678e-06,0.14285714285714285,0
1.5836421944200343,8.049638475853258e-05,0.041666666666666664,0
1.0214047078263422,0.0001009209344942679,0.011235955056179775,1
10.038774021270518,6.579749023224588e-06,0.1111111111111111,1
3.8132307923469764,3.3049669177079004e-06,0.034482758620689655,1
5.426108208930949,2.6086060552896297e-06,0.006944444444444444,1
28.114412127088443,1.1259365987698887e-05,0.015151515151515152,0
1.743564744310175,0.00017022601042270276,0.047619047619047616,0
1.541922856711299,1.1789754593105018e-06,0.2,1
1.8605813913302247,2.2443919460325275e-05,0.015625,1
1.003146037529306,8.867597423651359e-05,0.022727272727272728,0
1.7479738781881045,7.451063014693034e-05,0.125,0
4.581684292576959,0.00010403594113716686,0.0017605633802816902,1
3.1899830267556015,2.3519535682645848e-05,0.01282051282051282,0
5.60092655673976,4.3082387181781127e-07,0.2,1
0.6346015573243416,5.769580771901098e-06,0.25,0
5.158050048995484,2.5000419276093876e-06,0.06666666666666667,0
1.2401182137130593,7.804647084325947e-06,0.017543859649122806,0
10.610606835222375,4.402137649607996e-08,0.125,0
27.19424921982877,5.806448742220665e-06,0.1111111111111111,0
9.399524142306104,6.8954297186155e-05,0.0625,1
12.588057212214713,5.898928888977482e-07,0.16666666666666666,0
0.3727407729679547,9.01662179958458e-06,0.1111111111111111,0
1.0123084670975324,1.6114151971605132e-05,0.1,0
1.8392338789193372,1.1730222151352655e-05,0.05263157894736842,1
14.205612202532375,9.283166739849149e-07,0.058823529411764705,1
3.3003782309515732,9.108376428446034e-07,0.1111111111111111,1
0.5542306623711458,0.0,0.3333333333333333,0
4.174950285607299,2.9888642809715077e-07,0.14285714285714285,0
14.787945860027504,0.0,0.3333333333333333,1
11.748386196724702,0.00012426532636603313,0.024390243902439025,1
1.2269364962066192,3.526879870130943e-05,0.07692307692307693,0
2.14614430820288,1.5905919962777223e-05,0.1111111111111111,0
3.2001007755447,0.0,0.3333333333333333,0
23.156173176903195,0.0002051808530963442,0.006756756756756757,1
4.0696050029163615,6.958906064803797e-05,0.010416666666666666,1
11.46286595475703,6.598477641997171e-07,0.14285714285714285,1
0.5611749163754555,2.897434964481419e-05,0.038461538461538464,1
0.18288769568499158,0.0,0.3333333333333333,1
4.356575967517498,3.1960539346330197e-05,0.16666666666666666,0
2.2383237829383917,6.99648040543024e-05,0.015151515151515152,0
1.4599218865611947,0.0001593772856647444,0.0037313432835820895,0
1.3325304013342636,5.5242636756001954e-05,0.0072992700729927005,0
26.0186981980557,2.0645603924582533e-05,0.14285714285714285,0
18.23002136608718,8.63366430595923e-05,0.0070921985815602835,0
6.520558695148071,0.0003028552561976154,0.037037037037037035,1
5.574307616375487,1.4255696832758269e-05,0.01694915254237288,1
10000000.0,1.5827710894878493e-05,0.02127659574468085,1
0.047173448907856644,3.0885781038928187e-10,0.14285714285714285,0
0.2537034454825605,1.4092410795376773e-05,0.08333333333333333,1
0.7811764971219441,0.00010210339769638381,0.0010822510822510823,1
0.6554228120217507,0.00013513074540022306,0.0006418485237483953,1
0.7305659276522581,6.27721135077124e-05,0.001034126163391934,1
10.768468892561094,1.6312143823572952e-06,0.16666666666666666,1
0.4294149234500649,0.00014985727989811216,0.1,0
0.6303290946689403,1.2809561620506103e-05,0.09090909090909091,1
0.8039805198514982,3.742170025663393e-05,0.018518518518518517,1
6.1163989113121655,4.9948921489782974e-05,0.009433962264150943,1
8.606522295332352,8.507604309065975e-05,0.015625,0
3.0331906183559303,4.846966850222549e-05,0.0125,0
7.588772026808097,0.00012132785043242313,0.004366812227074236,0
0.668610075821714,9.274434686912612e-05,0.010526315789473684,0
13.217707168821843,3.698603100853806e-05,0.03333333333333333,0
10.839343955000311,6.105727023308707e-05,0.017543859649122806,0
4.2141045706386935,0.00029961311165469553,0.0008006405124099279,0
7.212043313044257,0.0002538596012322998,0.00199203187250996,1
12.637688649301811,0.00019657492595201497,0.011363636363636364,0
0.04725769873812786,1.0087084823754503e-08,0.08333333333333333,0
0.439700932572727,7.96682229413854e-06,0.07692307692307693,0
0.6154917677754906,7.141507121086806e-05,0.0011723329425556857,1
0.6566080846972291,7.723339937555735e-05,0.00037537537537537537,1
0.6975496949095219,8.873264584131694e-05,0.0003154574132492114,1
1.1242432234576152,5.0722532329643446e-05,0.0005096839959225281,1
10000000.0,5.8558388491580117e-05,0.002277904328018223,0
3.1059001552253207,0.00014993359063187041,0.0018083182640144665,1
5.822015393237924,0.0003882619560530784,0.001644736842105263,1
0.8556027249488147,7.519473823298063e-05,0.008130081300813009,1
10.085273155227496,5.1358119195211723e-05,0.018867924528301886,0
0.715257221210177,6.944793921033503e-05,0.013888888888888888,1
1.043926007365998,0.00016354332120989496,0.015873015873015872,1
2.6927639209567875,6.382605217068091e-06,0.011111111111111112,1
0.7321520159418395,6.58727171024395e-05,0.16666666666666666,1
10000000.0,4.441334058909379e-07,0.25,0
4.287397883532388,2.0986797206429416e-05,0.027777777777777776,0
4.812328654806069,2.7843370633731874e-05,0.034482758620689655,0
3.95491796613541,0.00011161987589045397,0.027777777777777776,0
2.94079050239994,4.027493722129249e-05,0.1111111111111111,0
2.867034164373469,2.4849732494764274e-06,0.07692307692307693,0
6.805354932645007,5.028314214920222e-05,0.1111111111111111,0
9.726807904477514,0.00010625128282102633,0.0009746588693957114,0
1.6615452237923498,0.0002071869811492982,0.00035971223021582735,0
3.4375315042833647,0.0002361489402525967,0.0015822784810126582,0
2.7869571285712023,8.391743385669184e-06,0.14285714285714285,0
1.2642706901367966,3.78955179269343e-05,0.041666666666666664,0
0.8069491301103406,0.00019577842705157335,0.002403846153846154,1
0.4199611715527749,0.0001451220359759076,0.0005221932114882506,1
0.5183509501548369,0.00015621609925532936,0.00039308176100628933,1
0.7389745373767443,0.00018946077511108688,0.0003178639542275906,1
1.7518922010288318,0.0002598351652506532,0.0003201024327784891,1
1.9355363012595719,0.00022738503242539538,0.0005446623093681918,1
3.375099635251746,0.00045426066609558494,0.0016129032258064516,1
10000000.0,9.056699627604884e-05,0.011904761904761904,1
1.2643404248464316,1.7431600236984244e-05,0.05263157894736842,1
0.9046811105522236,1.692380313931589e-06,0.14285714285714285,1
0.5340571005125884,0.00011013683968992206,0.01098901098901099,1
1.4305040445631854,1.289092635951636e-06,0.1111111111111111,0
0.09338949398629472,6.637024273608617e-08,0.25,1
1.1915847838378772,4.357786242344425e-05,0.012658227848101266,0
1.1263682197579385,0.00015431751325029798,0.007142857142857143,0
17.834367832117508,0.00021969278481821268,0.002652519893899204,0
1.8873073960101885,2.78576835527724e-05,0.07692307692307693,0
7.014933937249805,0.0,0.3333333333333333,0
0.5380704278177039,4.390883122598515e-05,0.011904761904761904,0
3.8660490252374253,7.580874816281336e-06,0.1111111111111111,0
3.309962274978021,0.000128914185210798,0.011235955056179775,0
2.56263614633555,0.00020766220052148896,0.0005698005698005698,0
1.6928511200520275,0.0003621683221017997,0.0004278990158322636,1
5.184636660345832,0.0004096633474784892,0.0012674271229404308,0
0.3498164127818838,5.297974687220601e-05,0.08333333333333333,0
0.06348705076492696,0.0,0.3333333333333333,0
3.7116657185184416,2.5703919771796243e-05,0.0625,0
1.154702944598832,6.036759221413318e-05,0.007462686567164179,1
0.6033436079738934,0.00014207642621143576,0.0008658008658008658,1
0.4861827191663788,0.00015195881031679597,0.0002925687536571094,1
0.5622022417771189,0.0001820085292514109,0.00031357792411414236,1
0.727596687343515,0.00023880193849079687,0.0003497726477789437,1
4.330367938700003,0.0002233778224795901,0.0008445945945945946,1
2.6236460409863938,0.0001135517529259164,0.0019083969465648854,0
0.6073891030327117,0.00017000988278154946,0.009615384615384616,0
3.5873607533262484,2.5704198599176434e-06,0.009009009009009009,1
2.844305763744724,3.589507779766392e-05,0.005235602094240838,0
4.5553305670144395,3.335651978804857e-06,0.1,1
1.4693786616992683,0.00011985899718003076,0.007142857142857143,0
5.408391946249862,0.00024970690732515916,0.003246753246753247,0
0.8906517625926442,0.00020920902476457507,0.005076142131979695,0
3.433250971678359,6.648948739084404e-05,0.0024271844660194173,0
1.9925711551142162,5.587115673850934e-05,0.030303030303030304,0
0.4304747797948248,5.1140696761017624e-05,0.14285714285714285,0
0.36486111072487964,0.00010659946529759737,0.019230769230769232,0
5.50892139979084,5.0357763807684695e-05,0.002028397565922921,1
3.303270360162642,0.00028412522470457416,0.0004911591355599214,0
1.3325607743165044,0.00034710526666305265,0.0002848191398461977,1
1.3511173861698689,0.000329427425477707,0.0002185792349726776,1
2.577156377394816,7.302020930683989e-05,0.0009199632014719411,1
1.409448807226287,0.00019408074132785087,0.05263157894736842,0
1.7194354675550985,0.0006369866434710319,0.01694915254237288,0
0.9672759578483916,0.00025925937596447057,0.002421307506053269,1
1.0019283666533823,5.436863673402995e-05,0.000676132521974307,1
1.5174829439514472,9.633704443807285e-05,0.001996007984031936,1
0.9619151307843828,7.636771474705359e-05,0.08333333333333333,1
4.055871323339652,1.6629102901297834e-05,0.02127659574468085,1
0.7550703546791643,0.0001282308078717303,0.011764705882352941,0
2.8029384417159515,2.579386273011577e-06,0.14285714285714285,1
1.1068839889202131,2.2800370210106107e-05,0.020833333333333332,0
0.5601264815183941,6.280818866207483e-05,0.015625,0
1.186670690253632,0.0001951146579731714,0.02857142857142857,0
6.015164605379511,3.338533393917254e-05,0.008771929824561403,0
1.636478237516157,0.00022084175043685225,0.020833333333333332,0
0.03283507927529117,0.0,0.3333333333333333,0
1.162300237250368,4.0681562778107786e-05,0.05263157894736842,0
0.5358686605511179,0.0002818625622958069,0.0021321961620469083,0
6.443473672942661,0.0003058272773982984,0.00033400133600534405,0
1.575794969879289,0.0002615490105015296,0.00022217285047767163,1
0.9476296846345273,0.00011952490916652051,0.0002482005460412013,1
1.225701660796565,0.00010895004679817474,0.0013513513513513514,0
4.5357590615001735,8.697535868470814e-06,0.25,0
0.6096144982605037,6.590292960940067e-05,0.0196078431372549,0
3.8772462029657224,0.0002806915798633889,0.005988023952095809,0
70.31241092454478,7.567640772404662e-05,0.05263157894736842,1
0.13111567823271655,0.0,0.3333333333333333,1
0.7513583634242434,3.5069405381324706e-05,0.02,0
0.5947342631073401,8.700107163155289e-05,0.04,1
0.5669457812826502,8.614889663582775e-05,0.016129032258064516,0
2.374019732154714,1.3947781478165919e-06,0.05,1
11.273935429231846,0.00015731075924498177,0.034482758620689655,0
2.9845673957506382,4.43542784813779e-05,0.0196078431372549,0
5.649944041003716,0.00010134188584396305,0.005747126436781609,0
8.408308577175069,5.935269369314535e-05,0.03333333333333333,0
13.76208604632983,8.461785539117875e-05,0.010869565217391304,0
32.00770593325293,0.00013315040788741466,0.09090909090909091,0
5.750661285481672,0.00017054293672049195,0.0024875621890547263,0
5.106980190412355,0.00034108742512037007,0.0003869969040247678,1
1.1037414515249193,0.00015780287384711779,0.0003518648838845883,1
0.4687392424073219,0.0002921304056130425,0.0016181229773462784,0
1.1741262119342577,7.988749311270974e-05,0.0049504950495049506,0
1.733008982023312,1.750446873248753e-06,0.1111111111111111,0
0.6259514161508886,6.432996390955233e-05,0.0078125,0
1.654449518428372,4.2140711142288675e-06,0.08333333333333333,0
1.9815705026959054,0.0003296901065859741,0.0020833333333333333,1
0.7837288303768752,0.00034830642079155936,0.00117096018735363,1
1.7333007717182032,0.0002095133867755259,0.0027100271002710027,0
0.9020765766926708,0.0012048810527310414,0.02702702702702703,1
0.43302459680685224,0.00022934032840521497,0.029411764705882353,1
0.9259107753755591,1.4812819721917514e-05,0.05263157894736842,0
3.3263889523875547,8.096914759866103e-06,0.004149377593360996,0
0.9511744109987802,3.839996689325383e-05,0.023255813953488372,1
7.674760180960247,4.052778745034759e-05,0.01694915254237288,0
1.3856872429013802,1.609480051715042e-05,0.05263157894736842,0
3.4426373992925376,0.00021583943531328504,0.009009009009009009,0
3.261860829707688,0.00031653774790494493,0.002242152466367713,0
1.0376602025253223,0.00035843764716265324,0.005649717514124294,0
1.0791618560243936,3.5978608821263627e-05,0.041666666666666664,0
3.297770782756948,2.6453887987102824e-05,0.018867924528301886,0
7.473829342647729,0.0004862168711959814,0.004347826086956522,0
0.3367979104958956,0.00011876125656287958,0.0023923444976076554,0
27.329125351061148,0.0005295580997785812,0.00423728813559322,0
2.4046071922339185,0.0,0.3333333333333333,0
1.7169885233033526,0.00033457767668766756,0.01818181818181818,0
0.7092941144227491,6.594108027753729e-05,0.005494505494505495,0
49.64169698845757,7.466069270614618e-05,0.012345679012345678,1
0.7080540380137965,0.0006129454539460348,0.001584786053882726,1
1.6647223621419773,0.0005222418134564281,0.0010649627263045794,0
7.095759418983906,0.00040496565213540413,0.014925373134328358,1
2.5395223375380693,5.108516802537445e-06,0.01818181818181818,0
5.1046324695016025,1.965233460683122e-06,0.1111111111111111,1
21.972980145481003,7.388321345572633e-05,0.011111111111111112,0
46.8648603580865,9.238566171221736e-05,0.004651162790697674,0
3.783823049818147,0.0002278757133925842,0.014705882352941176,1
1.2095248990401632,4.399662226225426e-05,0.012048192771084338,0
4.257547410121535,6.868990509365275e-05,0.0041841004184100415,0
0.42467445072067167,0.0001855436273974252,0.004830917874396135,0
0.8384049806080253,0.00020538469017744552,0.0018450184501845018,0
0.6786884389531639,0.00029213754621873884,0.0037593984962406013,0
2.9687635641679444,5.763988349691278e-06,0.14285714285714285,0
0.016669748506210728,6.66161589099987e-05,0.017241379310344827,0
3.646212465412011,7.780023045314755e-06,0.02631578947368421,0
8.889435008255766,1.0043464722526874e-06,0.041666666666666664,0
1.8932190185048967,0.0009839445173065865,0.0078125,0
0.6089907880152573,0.0006278489309984928,0.0024509803921568627,0
6.024685256941719,4.205026335869476e-05,0.017857142857142856,0
12.793579592349722,4.1791632671902274e-05,0.0125,0
1.9833345236014692,0.0003640893480993631,0.007518796992481203,0
0.6879614093271043,0.0006108222386257506,0.0012853470437017994,0
10.212114846262155,0.0001359007825615363,0.0019455252918287938,0
0.4240363455797039,1.3247794130162372e-06,0.16666666666666666,0
1.5243479973269738,0.0002739306716728233,0.03125,0
13.195734819621679,3.8114645971359925e-06,0.03333333333333333,0
44.24659198823425,2.059961101102905e-05,0.07692307692307693,1
13.476762419027613,8.486986947741706e-05,0.010752688172043012,1
5.240388039132018,9.695397946925499e-05,0.0031446540880503146,0
5.2815140185275435,7.500588563035312e-05,0.037037037037037035,1
6.37134629924736,4.4569160786630564e-05,0.007936507936507936,0
0.7078248362543291,0.00016818364491200607,0.002583979328165375,0
0.5270094968964264,0.00013515190676896153,0.011363636363636364,0
0.6728731698109702,0.00017199873313308964,0.006711409395973154,0
1.396582953574461,0.00029877199170436265,0.00546448087431694,0
0.8077211945706885,9.355236989956005e-05,0.008695652173913044,0
0.05691783211842281,1.3650630757755603e-10,0.25,0
4.602246245057688,0.00035269991362155855,0.03333333333333333,1
0.6810098880950851,0.0016084026453878945,0.0011976047904191617,0
1.4211898090988588,0.0009662883773946413,0.0007107320540156361,1
0.04805141537798624,0.0,0.3333333333333333,0
4.978091391830913,0.0006287622235825062,0.0020920502092050207,0
1.1204067914654774,0.0016566684998067488,0.00026567481402763017,1
1.38106471611496,0.0007936857290527634,0.0034602076124567475,1
1.3329428988627696,8.70305655283714e-05,0.00980392156862745,0
0.5791264157583956,0.00020369038328720525,0.0020876826722338203,0
1.836119799539296,5.4845249342200296e-05,0.002079002079002079,0
1.397627309747954,1.9753244105136257e-05,0.07142857142857142,0
5.201231611764909,8.722086496061781e-05,0.017857142857142856,0
20.20650616179181,4.000907870530553e-06,0.1,0
1.6023699283269817,6.711431432543416e-06,0.08333333333333333,0
14.503261459234519,4.858024600748891e-06,0.019230769230769232,1
27.725285621604023,5.3266570630036876e-05,0.002188183807439825,1
17.5375426267609,6.519741430082191e-05,0.005555555555555556,1
2.2983348845455067,8.547575284934556e-05,0.005076142131979695,0
2.962266691077493,0.00011254170982377282,0.0027624309392265192,0
2.0242903694604633,0.00026376764972382805,0.007518796992481203,0
2.4021132035771107,0.00039659836801738194,0.0033444816053511705,0
0.4816873872097402,0.00043000636272923817,0.0035842293906810036,0
0.3893907113326231,0.0003538060731720099,0.002551020408163265,0
0.2652611507247824,0.0007237897229928399,0.006097560975609756,0
0.22805132333561873,0.00022604382778826604,0.010869565217391304,0
1.5241849874271831,0.0004989037944978507,0.005952380952380952,0
0.5765576917766813,0.001064230035087121,0.0014534883720930232,0
1.8038802855068996,0.00090955606838646,0.0017391304347826088,0
0.8090658051178278,0.0025786946113670207,0.0004995004995004995,0
0.5777414713228437,0.001015560259314641,0.0001467351430667645,0
0.8467849622848692,0.0008913075394098258,0.0002598077422707197,0
4.0707927632809495,0.00018598269530810865,0.00042408821034775233,0
1.7827788797420625,0.0005917902244191323,0.0001356300013563,0
1.0762808168461433,0.0013197765712223747,7.35564545788893e-05,0
1.163662561773954,0.0019965819944180005,0.00020614306328592042,1
1.7280235908658865,0.0004490842735925738,0.006369426751592357,0
10000000.0,0.0004920113383120714,0.009174311926605505,0
4.297056403941895,6.379307322261645e-05,0.006944444444444444,0
1.833325433678074,0.0004955607672824076,0.00303951367781155,0
1.012070316792471,1.2229659665733972e-05,0.16666666666666666,0
4.899000738094614,0.0005636180016562955,0.029411764705882353,0
8.928358981053186,0.00046278970129698697,0.010526315789473684,0
79.60315522393175,0.0002564820172031459,0.004629629629629629,0
56.13473339943568,7.261382888049315e-05,0.004,1
4.401310177425257,1.5101543578035385e-05,0.024390243902439025,1
4.937982128365464,4.0894443167675136e-05,0.14285714285714285,1
3.0463000090303205,4.321001429328733e-05,0.003289473684210526,1
10000000.0,0.00010758084091079467,0.08333333333333333,1
1.358204937256967,0.0,0.3333333333333333,0
0.4728752252338347,1.2971481190887004e-05,0.14285714285714285,0
17.84609493227861,0.00010997559816512506,0.00625,0
2.3975121064894838,9.87348372749877e-05,0.00641025641025641,0
0.40712817824871245,0.00014456589124192665,0.006097560975609756,0
0.8698701520470042,0.00022173550162044112,0.0013568521031207597,0
0.25260361292558403,0.00027507212203678905,0.0035842293906810036,0
3.6008207863298023,1.2161690155350359e-05,0.037037037037037035,0
0.3362935098109674,9.904118887395745e-08,0.16666666666666666,0
5.650358460578197,0.0004148131793326751,0.012195121951219513,0
0.35264329567863645,0.0007616482078395855,0.0010638297872340426,0
0.5168934340367671,0.0020329315639769524,0.001148105625717566,0
0.5599896611481268,0.0018067340549123194,0.0003673769287288758,0
0.5164621856578133,0.0015416306514942895,0.0001650709805216243,0
0.5695851926286071,0.001244707748739348,0.00010579771476936098,0
0.6395820371731257,0.0008262946732929488,5.869577977343429e-05,0
0.8076105402356084,0.0015781295707229092,5.1735733871384965e-05,0
0.7114175958405776,0.0021438537491356648,7.955449482895784e-05,1
0.40244788069943477,0.001051715372990547,0.00017170329670329672,0
2.0115189421189656,0.0025315244701676893,0.00043047783039173483,0
0.7769320555935831,0.001947401028174818,0.0006086427267194157,0
3.390297696856939,0.0006386353528514856,0.0006333122229259025,1
1.2461864706635744,0.001281661118452508,0.0012300123001230013,1
16.86287765581782,0.0006805680635708662,0.018867924528301886,0
11.250495763131873,0.0005035329021264256,0.000700770847932726,0
4.414562799632086,0.0008202268358249452,0.000375234521575985,0
3.3541291936783963,0.00022480148677802344,0.00048426150121065375,1
9.198795967500349,0.0004393967442853202,0.006666666666666667,1
1.9410688448777582,0.0006049669037685038,0.1,0
5.545354327288665,7.644157353211704e-05,0.016666666666666666,1
3.142870084268934,2.327370273022418e-05,0.0064516129032258064,0
1.9654265698097937,5.814117520507324e-05,0.004366812227074236,0
1.8098944499080092,5.813004663741111e-05,0.00909090909090909,0
0.6808925722363257,1.198003348298124e-05,0.2,0
0.3361771372903671,0.00016281453898015467,0.017543859649122806,0
0.09098337722792184,0.0,0.3333333333333333,0
0.9575484594245895,0.0002522757546717549,0.006060606060606061,0
0.3427490502855664,0.00019347659908011553,0.005714285714285714,0
7.206692878396843,0.0,0.3333333333333333,0
9.866449234146382,0.0006088134886673426,0.005747126436781609,0
5.1062176807822865,0.0031128536387012356,0.0025,0
0.6677499935202791,0.0011789040725191996,0.0008620689655172414,0
0.4964145111464179,0.002489078711902208,0.00012184720360667723,0
0.45662251410015003,0.0010418222592678966,6.510840549514942e-05,0
0.4090343139993611,0.002256047272615613,8.736676568233443e-05,0
6.040415785827339,0.0024702364408298425,0.00032,0
0.3753519938355181,0.004731551400021881,0.004219409282700422,0
0.6264698595981091,0.000851624375029226,0.000499001996007984,0
0.6781445827556708,0.0011402216055500384,0.00041118421052631577,0
3.4126471772239344,0.0016497032035121698,0.00013819789939192924,1
1.4649672730093162,0.0008182179114469026,0.00011238480557428635,0
8.482985006974403,0.0010925095904004397,0.00022914757103574703,0
2.4156299684162565,0.0008918257105683573,0.0003734129947722181,1
1.7734514442273153,0.0005086992586913733,0.000791765637371338,1
20.237261735986802,0.00016087241566369273,0.002325581395348837,1
10.116604904364515,0.0002316275678694096,0.001326259946949602,1
14.617882197178957,0.00012275759467557325,0.0017825311942959,1
4.008618333895087,0.00010718227018044543,0.0026041666666666665,0
11.37411476037806,0.00013894555528711974,0.2,1
6.9659369233016895,4.0710427823547085e-05,0.006535947712418301,1
2.7900053247204286,0.00013793957985335469,0.0016366612111292963,1
10.68381592886334,2.6156373835623348e-05,0.013888888888888888,0
9.390758276036824,4.006520641880013e-06,0.022727272727272728,0
23.960143091130117,1.2826538028666733e-05,0.010416666666666666,0
0.2486763592577353,0.00014867980142632114,0.007462686567164179,0
2.0497751058616576,0.0001843273772168483,0.003367003367003367,0
7.388302098016542,0.00010260716193625899,0.008547008547008548,0
0.16590345122107394,5.0454368112767355e-05,0.04,0
9.077743539350488,0.00010020012274035194,0.07692307692307693,0
15.794750640761654,0.00048307708882304863,0.03571428571428571,0
3.5375490224386916,9.699322663168317e-06,0.25,0
1.6131694556686722,4.976333158442094e-05,0.1111111111111111,0
27.652035155125173,0.0008723957221166733,0.0006337135614702154,0
0.4197210681265247,0.00204257833588729,0.0005920663114268798,0
0.27851840014212215,0.0022264642781534517,8.97021887334051e-05,0
0.3298331944863832,0.0038039617897881123,6.107616197398156e-05,0
0.39693039824754733,0.0051018836156851615,0.00010725010725010725,0
9.53707986452863,0.0005140038133713026,0.011235955056179775,0
15.394398318320665,8.5305779118808e-05,0.012658227848101266,0
0.7910128695232873,0.002691228288122663,0.0010649627263045794,0
1.7676615856278048,0.000814757335747858,0.00012368583797155226,1
3.381561635735963,0.00152381488974982,9.253261774775608e-05,0
2.6667729632189334,0.0012523365976056192,6.132335806708775e-05,0
11.224802065320656,0.001138664362539956,0.00010075566750629723,1
21.765513341679355,0.0006948299297571139,0.0002670940170940171,0
1.4392745358717438,0.00026564799902540064,0.0048543689320388345,1
8.119251342466605,9.096147447332681e-05,0.0025906735751295338,1
40.94491643518647,0.0001657492209459649,0.0008605851979345956,1
7.214508794316527,0.0002311306547023527,0.002638522427440633,1
15.87665507739655,0.00016533039144100975,0.0038461538461538464,1
19.11300196835613,0.000281546965472686,0.041666666666666664,1
1.8587024372708947,5.290377816022197e-05,0.0015060240963855422,0
0.7530365568842421,8.787165011874532e-05,0.0005125576627370579,0
0.7627491943590203,0.00018555120292338727,0.000946073793755913,0
2.131976229335067,0.00019010702934839916,0.0005586592178770949,0
0.2547709386483946,0.00021561289693094063,0.000980392156862745,0
0.19309711812802816,0.00017903820669774387,0.0017921146953405018,0
0.7896718924598414,3.918733090137171e-05,0.007936507936507936,0
19.306551929251604,2.436781784115174e-05,0.1,0
41.30297382178044,0.000773119396289739,0.002898550724637681,0
3.6392234284019693,0.0014674076333561477,0.0016313213703099511,1
47.04666626240764,0.0022086426327206947,0.0015822784810126582,0
4.770997704684496,0.003374676622384375,0.0023584905660377358,0
0.8332431822398153,0.002103323982020591,0.0043859649122807015,0
2.6952778771885595,0.00140498665150497,0.0011402508551881414,0
0.506571840444695,0.005086289116045253,0.00011661807580174928,0
0.17000281892487198,0.005481519677408003,7.118957784580338e-05,0
0.12446550102489792,0.005960783432375051,0.00010227040294538761,0
0.2290681727689558,0.00230381956527384,6.380399413003254e-05,0
0.20293860944633604,0.003670772031775974,0.00010559662090813094,0
0.6850744159482797,0.009291708108701282,0.0001863932898415657,0
0.44042683600997645,0.004613530077680521,0.0005282620179609086,0
2.381047982137683,0.0011968791997599626,0.00034578146611341634,0
0.9712371459186987,0.001714394494645268,9.337068160597572e-05,0
0.6633027594361044,0.001210241294584117,0.00010684902233144567,0
10000000.0,0.001117214510611589,0.00025839793281653745,1
3.8833289511373574,0.0009414430426310028,0.00023234200743494423,0
7.942096637840446,0.0007502099748312588,0.0014577259475218659,1
7.798978424352632,0.0008856712292357954,0.0016722408026755853,0
76.28900429916807,0.00025434929085046834,0.00234192037470726,1
59.877328027803635,0.000534038397481661,0.0019646365422396855,1
1.013930135394151,0.00010260722249223263,0.00510204081632653,0
0.6679814260077619,4.3533160511875694e-05,0.0136986301369863,0
7.818012072591079,0.00029913107153131864,0.011494252873563218,1
0.6297460403041789,9.613069564842892e-05,0.011235955056179775,0
1.2546309784076155,7.516922861690079e-05,0.0006657789613848203,0
0.8070517897193894,0.00036511916080141755,0.0014084507042253522,0
0.20047871653563082,0.0001548159285988871,0.00039108330074305825,0
0.17517757234222792,0.000164399816098749,0.0006020469596628537,0
0.567749939797612,0.00040347634353744843,0.0034482758620689655,0
0.22256310254887385,0.0002920384161247724,0.002564102564102564,0
0.34640280395749473,6.881965655905191e-05,0.0014992503748125937,0
1.4538088317273523,5.5894500508947525e-06,0.010416666666666666,0
19.587783258869266,0.0005238498848242644,0.004201680672268907,0
16.520265544670533,0.0006906460580701453,0.0012004801920768306,0
2.523137238225359,0.0007448667495968028,0.0021141649048625794,0
0.7988853474071669,0.0007879067009652078,0.012345679012345678,0
0.5482164787319562,0.0023309105194313515,0.011764705882352941,0
0.5713952947659781,0.001663386320937639,0.006944444444444444,0
0.9369353000305622,0.0007253201123096395,0.001658374792703151,0
0.5714775347830209,0.005502043740330065,0.000782472613458529,0
0.6107651553127736,0.0012523649923485175,8.6244070720138e-05,0
0.3721706024451893,0.011591963549868165,6.43293663557414e-05,0
0.04899715703421879,0.01718159254479538,5.918210333195242e-05,0
0.12181438741142989,0.00914854848002113,5.238893545683152e-05,0
0.31208925692595824,0.0104663015082444,4.903643407051439e-05,0
0.4894369269613925,0.006670624131227994,0.00015928639694170118,0
0.4839612760838197,0.00400715274781223,0.0007462686567164179,0
0.5637123193814888,0.0012162615431699831,0.0006514657980456026,0
2.835068710275789,0.0011281395241544562,0.0005333333333333334,0
0.9974841986793015,0.0009567391260711473,0.00016603021749958492,0
0.323011858601001,0.0003562662684431419,0.0006784260515603799,0
0.45897940986925034,0.0002921888836918795,0.003246753246753247,0
0.24985789312378823,0.0006423055257950323,0.006134969325153374,0
12.390826219139637,0.0005166474992790945,0.001984126984126984,1
29.72686726407741,0.00040278270244823084,0.0025380710659898475,1
18.410758005261954,0.0003925526300047244,0.0007132667617689016,1
13.139665547099819,0.00023498484070372087,0.0014705882352941176,1
20.64607302795278,4.116756265103851e-05,0.004032258064516129,1
2.970727926566808,1.3462169347331667e-05,0.015625,0
10000000.0,3.1270569467379592e-06,0.16666666666666666,0
3.299447449365132,7.064238030009687e-05,0.0013966480446927375,0
1.281937590617017,0.00021201998034682957,0.0003365870077415012,0
0.2385071615674222,0.00019437449155535922,0.0004288164665523156,0
0.33293782381901377,0.0001870732860234071,0.0007818608287724785,0
0.2320806414663923,0.00014319900362066862,0.000444247001332741,0
0.4681410287595199,0.00039614957928535367,0.0003872966692486445,0
0.3398769715319891,3.6206697568419774e-05,0.00024740227610094015,0
6.833949323273904,0.0007257809486805976,0.0008382229673093043,0
7.31412889703088,0.0005440022720158531,0.001455604075691412,0
3.8115717113093903,0.00020685338056570154,0.011494252873563218,0
8.673803841962984,6.066475491796784e-05,0.03125,0
3.1980046136901583,0.00015413041692009913,0.023255813953488372,0
1.0219485868864708,0.00045697855577187977,0.005376344086021506,0
0.7356304416987592,0.011039635243508551,0.00021482277121374866,0
0.5020151535595482,0.002115227969357373,4.2060988433228184e-05,0
0.15217823066157585,0.007944705071211713,8.148631029986962e-05,0
0.0327110355865447,0.009718770421787783,4.985541928407618e-05,0
0.13734268809147118,0.0033820493678543896,4.666791114429718e-05,0
0.3246805407810973,0.00820120307649158,7.801529099703542e-05,0
0.2675408622937782,0.003091743084093281,0.00010431879824744419,0
0.2015010638844155,0.0004941257297188965,0.00015372790161414298,0
0.2812112523045903,0.000919023618385004,0.0008605851979345956,0
0.9581766021167784,0.0013111362366739817,0.00045372050816696913,1
0.661402107026697,0.0002605338282225882,0.0019880715705765406,0
0.09452954749822004,2.676996642689444e-11,0.25,0
0.33623827701420755,0.00033895378967285615,0.022222222222222223,0
1.887135114573571,0.0003555527097957425,0.007575757575757576,0
11.70236591441675,0.000248603852181369,0.004524886877828055,1
36.66087791037467,0.00038926309984803565,0.0006053268765133172,1
18.747356667149447,0.00044463209467423577,0.001949317738791423,1
15.035160090250129,0.00017083172410900077,0.0013123359580052493,1
0.7869041299152219,4.542281301135751e-05,0.009259259259259259,1
1.7019876681105728,4.856405837467305e-07,0.2,0
0.7856589862515985,5.910872278449401e-05,0.0006784260515603799,0
0.9041836878366751,0.00021940069611059928,0.00033909799932180403,0
0.3616603880819586,0.0001705071669248036,0.00040192926045016077,0
3.5179132496444336,9.724795173817496e-05,0.00044742729306487697,0
0.5771604883015676,0.0003147816016270322,0.0005787037037037037,0
0.5457872767978561,0.0003618998255958502,0.0003497726477789437,0
0.4187641829419298,2.7785715048518706e-05,0.0003324468085106383,0
87.68753441916486,0.0004855857739307317,0.0009140767824497258,0
10000000.0,0.00015736554374225152,0.011904761904761904,0
0.08524731305993286,5.355448454778205e-13,0.25,0
0.8581003889200763,0.0009803544088955285,0.004761904761904762,0
0.5870840887886593,0.001665690927051561,5.496317467296911e-05,0
0.4749038180151657,0.006367154193701287,3.3768952824772905e-05,0
0.04589769283079361,0.005022608367715221,4.172926055750292e-05,0
0.11695085291701499,0.005495712151241479,3.65644082050532e-05,0
0.21412866361673247,0.004736848490648233,0.00010140959334753067,0
0.19726360568049178,0.0018785044358456265,8.052826542116283e-05,0
0.18306844274350373,0.001288342465267061,7.084159818645509e-05,0
1.7886941384591746,0.0020185322553295426,0.00010990218705352236,1
0.9444753410106513,0.0005804568233282654,0.0001953125,1
8.905637439838713,0.00043497942554434753,0.0016638935108153079,1
2.1445616894885426,6.76345361093266e-06,0.16666666666666666,0
3.182640434975975,5.062827437098053e-06,0.03125,0
5.402047124210577,3.600837613470517e-05,0.007462686567164179,0
49.6277909003596,0.0003245710729909178,0.011764705882352941,1
42.13462452647042,5.5944330252157075e-05,0.0005446623093681918,0
7.280135790550996,0.00020362891943483645,0.002967359050445104,0
13.32455072476829,0.0003739773334528921,0.010638297872340425,1
0.4427269675213658,7.861766569714023e-05,0.05263157894736842,0
0.48313225576684726,0.0,0.3333333333333333,0
1.4498178815445668,0.0,0.3333333333333333,0
0.6084881852488019,8.31264183570863e-05,0.00013696753869332968,0
0.2834372430001843,0.00015218819277988482,0.0001059322033898305,0
0.23378511342697159,0.0001186370244012063,0.00017061934823408976,0
0.7572835026425321,0.00019040037371351304,0.0004063388866314506,0
0.1849657418530008,0.00026253662167458687,0.0008103727714748784,0
0.25590078998109983,0.000244493357037573,0.00019334880123743234,0
0.4904826065840213,8.084572668567062e-05,0.0001528117359413203,0
2.5379286981572022,0.00027006290091600977,0.004901960784313725,0
1.4168417037161942,0.00015345063273841073,0.02040816326530612,0
1.298606688088367,0.007920996248204035,0.0002212878955521133,0
0.6026554595903598,0.00255024542539697,3.0359148729469626e-05,0
0.327620028455659,0.006441427796044727,3.0090572623597026e-05,0
0.1957298870777277,0.00292347581777604,3.5573263135427415e-05,0
0.26640015540371265,0.004814294817513192,7.50581700818134e-05,0
0.1351037751067422,0.0013787983957307011,0.0001406271972999578,0
0.2048702223629182,0.0017080870791916513,8.765010079761592e-05,0
6.126932864425336,0.001864488050514416,7.661074082586379e-05,1
2.5573843624794987,0.0011776047994070278,7.60225026607876e-05,1
1.3722330246003134,0.00020046851706460655,0.00035612535612535614,0
26.99206561314637,0.00018879281946550136,0.005917159763313609,0
0.7373813113809375,0.0001609280092340107,0.025,0
7.908395194904789,0.00021218436135381024,0.009009009009009009,0
23.491301860151793,0.000267134418599465,0.0018214936247723133,1
43.066275629191516,0.00022434513357957788,0.0003819709702062643,0
5.9154395670513376,0.00014352903069517588,0.05,1
2.6106887805446717,0.00016782561264701905,0.013513513513513514,0
0.7606582301132544,0.0001524929064027386,0.0037593984962406013,0
3.258383111500124,0.00015006982079323122,0.02040816326530612,0
0.5908597903183124,8.989471382625997e-05,0.00034904013961605586,0
0.19970463820208184,8.783760162825226e-05,8.192020971573687e-05,0
0.44366084562322,0.0003086466058959559,6.87096330905593e-05,0
0.8761190304499962,0.00028897539628827755,5.544774050457444e-05,0
0.1701630354551063,0.00036393954300088354,0.00012603982858583313,0
0.20719783249639742,0.0002763345297229868,0.00014762326542663124,0
0.6113660109840191,1.4548217173905748e-05,6.414779652318943e-05,0
1.0151770161277354,1.056829801499982e-05,0.001422475106685633,0
0.8425151875250396,0.0006611588810745631,0.1,0
0.7198355218457557,0.0014980256219070988,0.0002841716396703609,0
0.8855080164116088,0.0013574888042429752,2.528508938279097e-05,0
0.24917774047820923,0.002676682032605879,3.32236951393734e-05,0
0.2118018968827572,0.0038077175411442843,4.614887627486271e-05,0
0.19645373530362226,0.0021200990023290587,8.997660608241857e-05,0
1.025348781957383,0.001895633328158217,0.00018754688672168043,0
0.5081823019395518,0.002033670583067232,0.0001311131506490101,0
4.481392538584291,0.0014106355881572164,9.869719699960521e-05,1
1.792145035423407,0.0009915736638827243,7.557436517533252e-05,1
34.147378905035325,0.0007699966830161441,0.0003245699448231094,1
3.7126219354021233,0.0005480512760365034,0.007407407407407408,0
10000000.0,0.0003063553570714704,0.002207505518763797,0
1.5408098534588839,0.00029451799821862804,0.002857142857142857,0
0.7120513510375263,0.00027908587190706455,0.011494252873563218,0
2.3951322256559284,4.734367875540236e-05,0.013888888888888888,0
8.81240098409468,7.559315210038049e-05,0.03125,0
0.4456475369232927,0.00021305948344593038,0.0034602076124567475,0
3.201782413965075,0.00018840898290388864,0.0047169811320754715,0
3.694692449905417,7.13786981474102e-07,0.25,0
0.5401878399948692,8.3645659376457e-05,7.859163784973278e-05,0
0.38018807353634015,0.0002701730522166432,5.411255411255411e-05,0
0.19293181514441382,0.00022628747292876807,6.53039900737935e-05,0
0.14790201669421338,0.00027884805010002834,6.958942240779402e-05,0
0.26066266588940606,0.00023365093508799425,9.577626664112633e-05,0
0.08444313385782225,0.00029811659256943305,0.000552791597567717,0
0.5891287806597123,1.3116612469178063e-05,5.971931919976112e-05,0
0.5920320744282015,8.37872942255409e-06,0.00011849745230477545,0
6.29638459411362,0.0018741458339579893,0.011363636363636364,0
1.2316786573137453,0.00022696067869852605,3.076544425301501e-05,0
0.723108015195935,0.0013283958023832879,2.4456455281371517e-05,0
0.20902379292271486,0.0014076482059634016,3.5723216518415315e-05,0
0.20207352761885958,0.0019604631305924383,4.007052412245552e-05,0
0.46080489706870764,0.002044252348102386,5.448997384481256e-05,0
0.3699541274746498,0.0015634763759911489,0.0007716049382716049,0
0.14002127647157314,0.0025510991192415873,0.00030147723846849563,0
1.8130703446584826,0.001136668884501067,0.00011296882060551288,1
2.490371436217323,0.0015209082854656926,7.925814377427281e-05,1
6.67660686586466,0.0004362162410480303,0.00012046741356463077,0
2.9236742721329403,0.0006490767048096198,0.0009199632014719411,0
0.6960111758224,0.00014574660235425766,0.002777777777777778,0
0.46926455225442915,0.00010981201328615122,0.00234192037470726,0
11.05157800705495,0.00025207434560944777,0.001379310344827586,0
0.9515923335214952,0.0001742574449523243,0.003067484662576687,0
0.6340477287120238,0.00010199761616194547,0.004672897196261682,0
47.19893925685542,3.3818197231390325e-05,0.014705882352941176,0
1.9375132188461992,2.0803829897968137e-05,0.125,0
1.6303814539371504,0.00012391464055108584,0.012658227848101266,0
1.7144973383402093,0.00011239002489403148,9.855129594954174e-05,0
0.24878324381765707,0.00014948586430133795,5.6465273856578205e-05,0
0.10234020521542271,0.00022705270232162636,5.7501006267609686e-05,0
0.6708860204832972,0.00025276212181896986,4.4230173824583133e-05,0
0.5163462884405353,0.0003497509753977057,7.656381594058648e-05,0
1.800413904552176,0.000505058664521344,0.0002487562189054726,0
0.36517758147421836,0.0001362916297741881,0.00013301409949454643,0
0.6755450397114998,3.9123068693080885e-05,4.664179104477612e-05,0
0.6410268480656464,1.0343250674082112e-05,0.0004032258064516129,0
0.5621142579622042,0.0002427484777085368,0.0003307972213033411,0
10.462547494490275,0.002255293908468839,2.965423165885772e-05,0
0.14535128905475697,0.0003994203517423231,3.70137320946071e-05,0
0.14370123196528528,0.0009208566211137993,3.286986819182855e-05,0
0.2852767539730196,0.0010027827391957875,3.0950170225936245e-05,0
0.16503766793168592,0.0006655357612114933,9.437523593808984e-05,0
1.2663033411617328,0.0012088960514362187,0.00012029351617947793,0
4.474045516904936,0.0010173877539674954,0.0001266784899923993,1
0.492799533092154,0.0005100482561754924,8.206811653672549e-05,1
1.767047655642507,0.0008098938965671838,8.555051758063137e-05,1
11.850470364282463,0.0011025846920937592,0.00012805736970162632,0
0.4961894758932905,0.0001934345975536627,0.0005431830526887561,0
0.3249253515508193,0.000546546936024748,0.0013280212483399733,0
0.4691512259588966,0.00014928864075363003,0.0007390983000739098,1
0.6668308496643058,0.00029482051854945576,0.0024271844660194173,0
0.5209341606139234,0.00039698582717609756,0.006060606060606061,0
1.433218228343284,6.652497047484231e-05,0.015625,0
1.244115984439476,7.25146773561648e-05,0.0037735849056603774,0
0.33071256354045087,6.166470672658723e-05,0.00026896180742334586,0
0.12780942913614027,0.00019462315734352427,6.353240152477763e-05,0
0.23489675912718783,0.00022007896330635828,4.568087341829976e-05,0
0.36184070441588634,0.0002346297772497809,4.5798030684680556e-05,0
0.2575336352304129,5.316624320868151e-05,5.343307507347048e-05,0
0.559226704520415,0.00038665633116994453,0.00013012361743656474,0
0.5084555482436437,0.0006079684009652304,0.0002306805074971165,0
0.5841921454991605,2.221506922515199e-05,5.264820469621986e-05,0
0.5588250318842969,1.8873702293551462e-05,5.3421657139804475e-05,0
0.5675560657246018,1.0889350444268031e-05,0.0030211480362537764,0
0.6206144587298167,0.00030073552825463773,0.000846740050804403,0
0.4995264765273112,0.0016421473594826835,6.016847172081829e-05,0
0.1874346867551064,0.0006927191751683916,3.7762924360862507e-05,0
0.10136824436041916,0.0009172664304069546,4.842380514260811e-05,0
0.2614068604906431,0.001158005015089383,4.483500717360115e-05,0
0.18211898027747758,0.00017606673787140648,9.507510933637573e-05,0
0.20279801025907845,0.0003155407867108514,9.52653138992093e-05,0
8.7561764277998,0.0010157648745808625,6.175507935527697e-05,1
0.9251616089051222,0.0005383470898852185,4.3053343092091103e-05,1
0.7153416246527067,0.00016822386324608681,5.673758865248227e-05,0
0.6542614440848954,0.0001506805436544499,0.00019474196689386563,0
0.7989453331525442,0.00015414827758410214,0.0008424599831508003,0
15.04400413892033,0.000270113225509019,0.013513513513513514,0
1.3468461875543276,0.00011637811325661017,0.003861003861003861,0
3.004630917663848,0.00010461687019404015,0.0027624309392265192,0
0.08962922257776335,8.920773923835751e-12,0.25,0
1.8423256826397867,6.224809872841523e-06,0.09090909090909091,0
1.5301355258640157,0.00020746582554616061,0.006578947368421052,0
3.793469653957429,5.607707608129787e-07,0.047619047619047616,0
0.18321423673956566,4.2588930881138516e-05,0.00025680534155110427,0
0.20936448712331368,9.660306852432232e-05,8.481044864727334e-05,0
0.3032533235803507,0.00021936684265070022,5.089835598310175e-05,0
0.16970514546706325,0.00016275723864125387,5.0072605277652595e-05,0
0.2557337104104751,7.817867835838933e-05,5.395489370885939e-05,0
0.18991556945000912,0.00019458744920431255,9.747538746466517e-05,0
0.2877421066844016,0.00016034363326338408,7.668711656441718e-05,0
0.38443437059461183,0.00039827460028765726,9.637625289128758e-05,0
0.5518691084883844,2.7958685944492456e-05,3.526466128292838e-05,0
0.7439596131070257,0.00010118221251883114,4.9590875278948676e-05,0
0.6086149432419206,3.679817399529221e-05,0.00026371308016877635,0
2.43214757714504,1.6354106679976704e-05,0.007692307692307693,0
1.0141156707886285,0.0001608276442045444,0.00020300446609825416,0
0.44689474327171363,0.0001501409301224016,0.0003779289493575208,0
0.6481760212014196,0.0002232376579199357,0.0002155636990730761,0
2.458269856822965,0.0008510820209894033,6.656460094521733e-05,0
1.3328904547403706,0.001381721643291655,0.00010169836265636123,0
0.2393238302666598,0.000508277158352656,4.786979415988511e-05,0
0.19818028275177332,0.0005920208793454918,5.920663114268798e-05,0
0.2020305397329753,0.0008006151302200348,6.982752601075344e-05,0
0.18319561173728038,0.0010274608098920762,7.103281716152862e-05,0
0.9812629257253603,0.0008929609777440356,9.227646027498385e-05,1
3.0703537962730176,0.0007252100666844416,3.607243344636029e-05,1
1.4257953412362345,0.00047279055213087434,3.138337936228973e-05,0
0.8289175580593963,0.00010476763220490397,9.84251968503937e-05,0
9.300657895512387,6.884434244714918e-06,0.02702702702702703,0
0.15960844422501258,3.312767359511645e-05,0.09090909090909091,0
0.4182145366711498,2.518646649505543e-05,0.012048192771084338,0
1.8958464921012546,3.2479761560271366e-05,0.0015105740181268882,0
0.25886093251688697,5.619565693201236e-05,0.00012941633234114146,0
0.12597670851452844,0.0001587829016793517,5.742506029631331e-05,0
0.08947645533505745,0.00016714118134129345,5.833965346245843e-05,0
0.3684500413301825,0.0001799880027764502,3.4144842421552225e-05,0
0.37755416551823057,0.0002751351801019981,4.187780057791365e-05,0
1.1305111502140213,0.000220732737644185,7.85175879396985e-05,0
0.6851670554587735,0.00038808915832936616,7.477194556602363e-05,0
0.3599210935745745,0.0002926974016820903,6.48971380362126e-05,0
1.0290160684673177,0.0007408187011867163,0.00010714668381013607,0
0.753152105050714,0.00016454767749727938,3.3770093205457245e-05,0
0.5813170299926557,6.886814309373175e-05,2.9753934957898182e-05,0
2.5641892287170087,0.0007164520107739686,5.0261359067149175e-05,0
0.6079687015097819,0.00028285123273439944,0.00029481132075471697,0
0.3874480646525701,0.0008611811645565712,0.00027917364600781687,0
1.2708381807880131,0.0003470144827736911,4.7501425042751285e-05,0
1.0263461588581753,0.0005393812493142784,3.3110390040394676e-05,0
1.0473975760210614,0.0008203195352346564,9.441087613293051e-05,0
1.4875699582802804,0.0008481126456941113,9.884353069091628e-05,0
1.1154009010924895,0.0007991539569972935,7.532956685499058e-05,0
0.22184436136106198,0.0006068082909103308,6.0222824450466725e-05,0
1.848763263825614,0.0010041058541671057,5.47105810263705e-05,1
0.32717520604011385,0.0005998121640767478,5.090612909794339e-05,1
3.619416842895736,0.0008572129801228317,7.094714437743881e-05,1
3.575446781127648,0.0006390810036448696,2.612876254180602e-05,1
1.1452513759262526,0.000298561561469519,3.3837512266098194e-05,0
1.9994918247415743,3.7280409800836015e-05,0.0006657789613848203,0
7.966030382719099,9.33874515151134e-05,0.022727272727272728,1
9.793265017168657,2.8282831327211116e-05,0.003389830508474576,1
3.99303285506779,9.66501354538957e-06,0.017857142857142856,0
3.561656850876677,9.655543409870072e-05,0.00010588733587462939,0
1.239160592334393,0.00020046911427336502,5.159426271798576e-05,0
0.12117607199116676,0.00014897857994638984,4.0494027130998175e-05,0
0.22178751630877444,0.00015032409689990647,3.609847664428561e-05,0
0.2612526618622666,5.065842822070645e-05,4.419889502762431e-05,0
0.1770829317541278,0.00022278941591108743,4.6777060529516325e-05,0
1.4260753984367829,0.0003255241293343764,4.988526389304599e-05,0
0.6781846687409115,0.0002806963820825616,4.062893592816804e-05,0
13.454811927306746,0.0004368603758817058,5.5126791620727676e-05,0
9.568970982901826,0.0005635096853595579,5.52761041401802e-05,0
0.6963192866631659,0.0005848281546671033,4.036001130080316e-05,0
0.7304094378838407,0.0002424055066241249,2.961208172934557e-05,0
0.29371294185197744,0.0004552536599303038,6.133464180569185e-05,0
0.6160510493609218,0.0003922577189010682,4.514876518127229e-05,0
0.8601546086382504,0.00021439697981425173,2.0532616060612283e-05,0
0.7120667517290248,0.00040095540166533596,3.001020346917952e-05,0
3.336782881008735,0.0005714806449624016,7.561436672967863e-05,0
0.25954768635889564,0.00038566861464605197,8.600670852326481e-05,0
1.8140613777828338,0.0006360714902891698,5.1482701812191104e-05,0
0.3666719543846181,0.0004890819899673735,5.388802069299995e-05,0
3.3605896680303053,0.0007882609504128266,5.428292259255238e-05,1
4.354006774594936,0.0007622827014437489,5.1926472115484474e-05,1
2.3587525019952187,0.0005638530686188171,4.200621692010418e-05,0
5.538476275021307,0.0004570201783692003,3.943684189770083e-05,1
2.5965909578444926,0.0004134361475457228,3.717057577221871e-05,0
1.3437530355420515,8.836896659065897e-06,0.004830917874396135,0
9.575846180510336,5.759273152537398e-05,0.006097560975609756,1
4.938921661289059,0.00010446039955364156,0.0008952551477170994,1
1.3438384650170105,4.837878522707571e-06,0.09090909090909091,0
10000000.0,8.332477325284624e-05,0.00017280110592707794,0
3.9231284517837013,0.00018836770281126117,5.839416058394161e-05,0
0.12194117329896827,0.00012556331745733367,4.545867806164197e-05,0
1.5914519768650524,0.0002620324029093923,3.546476575522219e-05,0
0.22690650588275013,8.650014033511503e-05,3.692489476404992e-05,0
0.20666344158511923,9.974474005117706e-05,4.768262445164982e-05,0
5.725924669496977,0.00033392931282145473,5.81192607230036e-05,0
0.44179988724785113,0.0003218314859131139,4.482897745102434e-05,0
0.6252628632512633,0.00028921659323797574,5.420347986340723e-05,0
29.1569698674072,0.00041707000993889364,5.202913631633715e-05,0
2.972433482237503,0.00044922882709957365,3.98200135388046e-05,0
0.5420643577550419,0.00034348602326182866,3.613630614678568e-05,0
0.4917759912267738,0.0003627670560095005,3.5551763367463024e-05,0
0.3011725453509044,0.0003867092971527089,4.052192235999676e-05,0
0.8360759758213842,0.0004897554458439034,3.1312625250501e-05,0
1.9808512025280285,0.0005993501189762928,3.311806590495115e-05,0
3.5031655251457097,0.0005985411727213945,4.662222015012355e-05,0
0.2850404546634204,0.0006032986703691927,5.931198102016607e-05,0
0.9507142948786144,0.0006370764277693146,5.529138560212319e-05,0
10000000.0,0.0007284299239447731,5.7544021176199794e-05,0
10000000.0,0.0006663208889736404,5.4842601733026214e-05,1
8.098215726386242,0.0006397162616662891,4.1743195859074974e-05,1
4.027084023111164,0.0005971774533590828,4.3286295558826076e-05,1
5.807865393178169,0.0007602419205829735,0.0003272251308900524,1
11.910356252412639,0.0007164521772907418,0.0023584905660377358,1
2.855399198329684,4.153505357297293e-05,0.015384615384615385,0
7.926346159140693,7.616587857056572e-05,0.006622516556291391,0
2.58768543770303,4.9507487581720454e-05,0.0016286644951140066,1
10.46872436299242,2.436497560117478e-05,0.02564102564102564,0
0.8898702644966777,9.095513530545484e-05,0.0001544878727019929,0
0.2570330059936663,0.00013924007667397742,6.665777896280495e-05,0
0.3574054565268363,0.00020023375636715559,4.55497859160062e-05,0
0.2423298514577403,0.00017180563383258006,4.9558925562493803e-05,0
0.9865906329442966,0.00022385074024564914,4.053013415474405e-05,0
1.9500101549042779,0.0002794499164971695,3.159457837035165e-05,0
1.8636081409283614,0.0002382745231259618,4.445827590806029e-05,0
0.477492501503034,0.0003403406716143551,4.422234997567771e-05,0
3.223511117824088,0.00022374010874419038,3.5668426309031246e-05,0
1.7164238855648704,0.0004213104177855999,4.6296296296296294e-05,0
1.3693366252936552,0.00037602671603403573,3.985810514568138e-05,0
1.8735956421923539,0.0003366357016296717,3.1988739963532837e-05,0
1.1000486593949463,0.000443782715897975,4.4420753375977256e-05,0
0.1880597261686902,0.00023097283980250404,5.751423477310634e-05,0
1.184386105934675,0.0005299253224968838,4.4093654923056575e-05,0
7.572845404760145,0.0005995134538868628,4.013646397752358e-05,0
0.9208946955673677,0.000562442364970312,4.474072748422889e-05,0
0.25275535961974427,0.00015915435843104426,4.341596839317501e-05,0
0.8195996071778697,0.00046724784784847026,3.6308183864643094e-05,0
1.353483544377036,0.0004922584722666112,3.2351989647363315e-05,0
8.468445049891802,0.0005148044648867466,3.836562440053712e-05,1
7.980801195235028,0.0004788245925781272,3.626473254759746e-05,1
2.0017719848241264,0.000449651458945169,8.223684210526316e-05,1
15.583305734844519,0.0004819143869923224,0.00016178611875101117,1
38.842938533288944,0.00034142214853490353,6.396724876863046e-05,0
3.8415955586084496,0.0002255745223439417,0.00013896609227348526,0
4.299373331489842,4.676560597592731e-05,0.002617801047120419,0
5.442505886318027,3.668144861313518e-06,0.05555555555555555,0
5.965282946879409,1.4740662423823278e-05,0.03225806451612903,1
6.956903539102319,1.1363604346033887e-05,0.01020408163265306,0
3.694156035026678,6.0518884417573464e-05,0.0005521811154058532,0
0.3003795703251922,7.334981801806701e-05,0.00010251153254741159,0
1.193822223342337,0.0002676621399070125,6.688963210702341e-05,0
1.1010613040847972,0.00015077915300117672,5.716899153898925e-05,0
0.27898465457101207,5.506925979124197e-05,6.12032560132199e-05,0
0.7941401271238732,0.00023502893402824423,0.0001322401481089659,0
6.200649450167514,0.00024259451467609927,6.804109682248077e-05,0
1.842087393919392,0.00023523492804101973,4.61361014994233e-05,0
1.3161880835001747,0.0003207340627203938,3.74139479197845e-05,0
1.2263141384216578,0.0003546515552629462,5.768010613139528e-05,0
5.516943691594314,0.0003417513551854762,4.3605284960537216e-05,0
2.62825947774858,0.0003790744999435197,3.8654812524159255e-05,0
8.802256929882244,0.00042952754123262585,3.6255528968167646e-05,0
0.32541026624113917,0.0002523506427186149,5.0477007722982184e-05,0
0.5553063594938419,0.00028102112766689876,4.576449590407762e-05,0
0.9116037948466894,0.0003501311307099912,5.735260380821289e-05,0
0.32746541139854046,0.00026070389528405586,6.326311127981274e-05,0
0.22331247420583544,0.0003656947673656136,5.071508266558474e-05,0
3.7063806022062047,0.0005169455027865155,3.958044725905403e-05,0
69.47987155833465,0.0005078118763343067,3.64471334329555e-05,0
3.3614274733666845,0.0005146300776921716,4.3878894251864855e-05,1
2.0251496661590203,0.00044679120547490406,3.992653517527749e-05,1
1.4875848438540809,0.00032481292263645205,0.00010866021949364337,1
32.22352911995754,9.793478364688938e-05,0.00102880658436214,1
5.42251900530272,0.0003622831225172399,6.612881893929374e-05,1
4.397213552440462,0.000308107463756024,0.0001288659793814433,1
1.917723159207491,0.00023831146506798017,0.0007189072609633358,1
0.5774126756109283,1.433334095575301e-06,0.08333333333333333,0
0.4409010104048581,8.597245727986607e-05,0.00035298270384751147,0
0.4742322831332541,8.539560520492626e-05,0.00011409013120365089,0
0.2568687547641,5.647640827647834e-05,5.521201413427562e-05,0
0.3052725924964275,4.547920493169395e-05,5.006508460999299e-05,0
0.4354133340865781,9.046299990065545e-05,4.153858934950569e-05,0
0.9319238709184833,0.00012679234930004538,3.220508196193359e-05,0
1.3710504326558315,0.00012606014997588883,3.586414661263135e-05,0
1.638517809179864,0.00026400257008863797,4.450774434751647e-05,0
2.8860480459455764,0.00030575204432339945,5.663797009515179e-05,0
5.149068322476311,0.0002716480889986422,6.724949562878279e-05,0
0.699655030592082,0.0002606054974414178,6.912760956726116e-05,0
4.342142288461371,0.0001442354734268232,7.547169811320755e-05,0
0.9872641493542171,0.00031847724595684073,3.554923569143263e-05,0
19.734568930316094,0.0003592977354557601,6.48971380362126e-05,0
0.38524674245195745,0.0003251029124009839,7.836990595611286e-05,0
0.4864645900057674,0.00023933540613665637,0.000111185234600845,0
0.25846374166471264,0.00010419914355064332,8.715356458079135e-05,0
0.388003565186896,0.0002835100453134128,8.169267216730659e-05,0
4.249469514934411,0.0004550567634581568,4.2605768821098374e-05,0
1.9512124590607154,0.0003569245543392128,3.289581894141254e-05,1
1.7562927642105786,0.00037419329986359195,3.667302332404283e-05,1
1.9951086396250766,0.00023611351277073246,7.342143906020558e-05,1
2.1700292093467457,0.0002786449631771534,0.0006565988181221273,1
2.5617617958854457,0.00041198792372632633,0.006060606060606061,1
17.164645964355024,0.0002672352592752559,0.000375234521575985,1
11.894139255299839,0.00021558032125676307,0.0002144082332761578,1
27.114285331651338,0.00026238406729671,0.02127659574468085,1
5.31547546752499,5.304013728793603e-07,0.25,0
7.192711440001656,7.945998543424014e-06,0.04,0
0.0696660392667538,2.136811081429406e-09,0.1,0
5.693805503254622,7.552423260183481e-05,0.08333333333333333,0
5.261875503312548,0.0,0.3333333333333333,0
0.2834456472692091,4.716667499913437e-05,0.0003077870113881194,0
0.7787864378687029,0.00020118635491580875,0.00014486455164421265,0
0.3189362196969346,4.480068157719872e-05,6.582845105654664e-05,0
0.4080668176606019,4.050643458842145e-05,5.388221348132981e-05,0
0.5170210720992839,7.131982527161376e-05,6.047046018020197e-05,0
1.7337174585264774,0.0001243507954522446,7.009182028457279e-05,0
2.1339570826402356,0.00012328361112529871,3.583330347224711e-05,0
1.7089760166428805,0.00016617942065823312,3.7335722819593785e-05,0
1.8421185952662709,0.00022112990537348886,4.84050534875841e-05,0
1.474239707137709,0.0002545247498909158,6.153467478924374e-05,0
1.946596984746117,0.00024519830199565366,0.0001437607820586544,0
1.127101050239306,0.00012117629567865378,0.00021208907741251324,0
7.511321016339587,8.046857431585711e-05,0.00011175681716584712,0
1.1918596075537669,0.00036145806426402134,0.00010725010725010725,0
1.3114694953243058,0.00032327921994552527,7.0506944934076e-05,0
0.9446084530785835,0.0002854501485873533,0.00010059350165979277,0
4.863329284150922,0.0003122626205136992,9.919650828290844e-05,0
1.9369415985070888,0.00026618251220491944,3.7330147827385393e-05,0
2.3084039127143505,0.00010897930850662895,4.806074878646609e-05,0
6.903059223814781,0.00017139485980679199,9.292816652727442e-05,0
20.449571934113386,0.00023996087989782116,0.00014925373134328358,0
2.671956068790218,0.00032363652275834646,0.0007518796992481203,1
4.613626010312938,0.0004899924428795874,0.004219409282700422,1
4.246934186011347,5.2503493385171066e-05,0.000612369871402327,0
17.02716651550965,0.0002579451301824296,0.001488095238095238,1
10000000.0,0.00019114328156552964,0.0005291005291005291,1
6.9435061148880655,6.569620400504886e-05,0.003367003367003367,0
22.140469637491407,2.0829302412850206e-06,0.2,1
24.95317208333258,8.015933815407175e-05,0.008620689655172414,1
10000000.0,8.296182013250713e-05,0.003105590062111801,1
97.84827001991421,8.148814734777464e-05,0.0007680491551459293,1
12.062696060755185,5.547327443750869e-05,0.0005717552887364208,0
5.562498075974265,2.105349855107563e-05,0.008130081300813009,0
1.0442816283085836,3.673203521692047e-05,0.0016722408026755853,0
1.40198525655303,3.150803718613668e-05,0.0007147962830593281,0
0.46912125314918557,4.724861864609043e-05,0.00026164311878597594,0
0.5019771251257408,5.749084976935119e-05,0.00022634676324128565,0
1.0266025366522393,4.160967442212001e-05,0.0015060240963855422,0
10000000.0,2.2022371258541606e-05,0.00028595939376608524,0
3.6408073960594742,0.00010414152125321991,4.790189691511784e-05,0
1.3672219136349533,0.0001589848203423697,3.795930762222897e-05,0
1.3981975012829906,0.00012515647196508444,3.2577534532186604e-05,0
0.6803332322678503,2.3839971772719443e-05,4.128648693282689e-05,0
2.7069606454029564,7.106223101267399e-05,0.00011208249271463797,0
5.38092003953518,0.0002665274266548201,0.00018793459875963165,0
3.8579717716241886,0.00028739916518992183,0.00010589854918987609,0
0.7272107142683623,0.00030391750846719577,7.505253677574302e-05,0
0.7007588411244179,0.0001533938276783116,4.507346975570179e-05,0
0.7904394349900665,0.00016422372011051166,3.423250718882651e-05,0
1.1367057498802504,0.00017320619527916406,5.357908272610373e-05,0
3.4120658388361247,5.341237840180569e-05,0.00011001100110011001,0
6.866754200542695,0.00012787119736469118,0.00011914690813773382,0
7.657972941310486,0.00022869528500517962,0.0004657661853749418,0
11.492026390799404,5.363002089034471e-05,0.024390243902439025,0
16.167020426308127,0.00028959978203319604,0.03571428571428571,1
30.33266953636877,4.461548935597732e-05,0.0010330578512396695,0
17.511401793861246,0.00020106639815121465,0.002347417840375587,1
5.803484928498314,0.00018420092702501763,0.0011494252873563218,1
3.8398010703367116,5.104163538112816e-05,0.015625,0
0.02020306110560277,0.0,0.3333333333333333,1
4.200073891415097,5.72146775281676e-06,0.09090909090909091,0
14.827019773519389,8.821471639705693e-05,0.0053475935828877,1
27.709055246087605,0.0001516433141599475,0.00033068783068783067,1
7.574169850416935,0.000150128741610572,0.00022163120567375886,0
3.174434369575411,6.60192022558083e-05,0.00030703101013202335,0
11.350195344425677,2.9605303620857513e-05,0.0045662100456621,0
10000000.0,4.1818566222918045e-05,0.003484320557491289,0
3.8862472113153275,7.91093803830461e-05,0.00013292569453675395,0
2.010082291185296,9.578018531638526e-05,4.644250417982538e-05,0
1.1015779091476545,8.02584188810523e-05,3.0970299482796e-05,0
1.1391132732367004,9.750590906616818e-05,3.4003196300452245e-05,0
0.788630866421321,0.00018094791052348562,8.025682182985554e-05,0
0.7663371910467852,0.0001220617680557646,8.582954252853832e-05,0
0.5642797291650961,6.934651909881252e-05,4.664179104477612e-05,0
0.7078737853430783,6.923156522760184e-05,3.616767333357445e-05,0
0.9051960675200083,9.505792810813274e-05,3.108582797102801e-05,0
0.9011256072091121,7.818821821963593e-05,3.1681662653656065e-05,0
0.8797407290224628,8.957844624319569e-05,3.536818278276862e-05,0
0.8331240050500383,0.00013779758101074589,4.9627791563275434e-05,0
0.5295658972376067,0.00016580436316022794,0.00016257519102584944,0
40.9816766440328,0.00010978505095188459,0.016666666666666666,0
21.989619931854744,0.0003881818088519112,0.013157894736842105,1
10000000.0,0.00026017872366304156,0.0005595970900951316,0
11.28115542771804,0.00016358995008311289,0.003003003003003003,1
26.73561635925133,0.00010772602487473903,0.0014727540500736377,1
48.149218132886105,1.891962600662198e-05,0.0022935779816513763,0
39.744041027488514,3.44882517827666e-05,0.0023923444976076554,1
10000000.0,8.416520066379034e-05,0.0006501950585175553,1
10000000.0,0.00014716353060906627,0.00027932960893854746,1
3.858500960928152,0.00011225276253714505,0.00010690613641223006,0
3.073978672472943,3.810259274730245e-05,0.0005470459518599562,0
3.739417939808502,3.286903413695389e-06,0.023255813953488372,0
0.9284565799012753,5.295279344803026e-05,0.014492753623188406,0
32.61275736164357,6.881235620407476e-06,0.0011918951132300357,0
23.611163861295196,4.600017057046326e-05,0.0001192321449862883,0
1.5759726101764098,0.00011743089081519648,4.8661800486618005e-05,0
1.36081684109057,0.0002257360359801666,0.0002034587995930824,0
2.7370451721831484,0.00018903671145381135,0.0005970149253731343,0
0.6468372134886776,0.00015877282583314043,8.341675008341675e-05,0
0.7432224972793249,9.340842781339254e-05,4.502070952638214e-05,0
0.8994692113815761,8.412818108008564e-05,3.8004028427013263e-05,0
0.7261539115033605,7.863713317685436e-05,5.100999795960008e-05,0
0.7807020557127572,9.991808102252104e-05,6.239081607187422e-05,0
0.7544471375673215,0.00012868269308595608,6.930967563071805e-05,0
0.7380797917330153,0.00012437721500030928,8.001280204832773e-05,0
2.128696440478578,0.00013846770629686466,0.00015933715742511153,0
4.5303677829961915,0.00012483016812854354,0.00017220595832615808,1
8.223146177781572,0.00015093575639853183,0.00031625553447185326,0
4.1202279219635605,0.0001805086406482606,0.002369668246445498,0
22.872175722363522,2.126177648987197e-05,0.014705882352941176,1
29.592614353109518,6.302288646372119e-05,0.00026253609871357313,1
5.892602952867167,0.0001393840513633285,0.0001801477211313277,0
2.6731917954189,0.00019363624750223346,0.0002085070892410342,0
14.314819516815605,0.00016168853345707067,0.00016273393002441008,0
1.9522238710847128,2.653363088767799e-05,0.00027739251040221914,0
2.6070781494228688,7.764692608199607e-06,0.14285714285714285,0
4.065478840788824,8.783289591008562e-05,0.00016388069485414618,0
4.720444801154711,5.1139909194522545e-05,0.00033886818027787193,0
3.2045073293691004,0.00018414898639897362,0.00038299502106472615,0
1.9609369548127267,0.0001640418521441951,0.00012183235867446393,0
1.8553509925517366,8.273349949674592e-05,0.00015530361857431278,0
5.272045841321193,4.4310411287741766e-05,0.0002772387025228722,0
11.957679616079792,1.5223933452274007e-05,0.001075268817204301,0
1.5629757160583693,5.143492558650888e-05,0.0003944773175542406,0
1.1416645779325918,9.792219351428863e-05,0.00013747594171020073,0
1.0186610410833965,0.0001404166980192978,0.00010314595152140278,0
1.3924804810582054,0.00010197898233919022,7.381163271331562e-05,0
1.336422101835146,9.125769753279927e-05,8.078849571820973e-05,0
1.3328216776704185,8.178411692477771e-05,0.0002260397830018083,1
24.461607458460513,8.633133808288128e-05,0.002331002331002331,0
48.771435866093974,8.470865760945531e-05,0.00015260186174271325,1
2.362840899778262,0.00010031486649738688,7.838219156607619e-05,0
5.306678958217007,0.00011136456011805284,0.00016329196603527107,0
7.14880149791904,8.283717307429867e-05,0.00022060445621001543,1
10000000.0,5.3067013901285375e-05,0.0006309148264984228,1
14.032228350143773,3.594389187888596e-07,0.1111111111111111,0
1.5040245462308575,3.581113880322919e-07,0.0625,0
5.987471461573783,5.402916739163762e-05,0.047619047619047616,0
0.8008834946492003,6.7798766704364985e-06,0.004784688995215311,0
3.451277852471941,1.731107289856281e-05,0.006060606060606061,0
0.7948837246723102,4.396354111832301e-07,0.14285714285714285,0
10000000.0,3.6914179876428317e-07,0.0196078431372549,0
79.21117789787351,2.0553222350374726e-06,0.14285714285714285,0
7.8388540686946175,2.3689751947907448e-06,0.05555555555555555,0
77.49543705800488,5.7703764119738625e-06,0.08333333333333333,1
26.97300489590306,7.250065635643416e-05,0.0003074085459575776,0
5.059729774156833,2.8846655311073402e-05,0.0034482758620689655,0
1.0157668062759762,9.927293119925534e-07,0.1111111111111111,0
